# SQL Manager 2010 for MySQL 4.5.0.9
# ---------------------------------------
# Host     : localhost
# Port     : 3306
# Database : sbefacsis


/*!40101 SET @OLD_CHARACTER_SET_CLIENT=@@CHARACTER_SET_CLIENT */;
/*!40101 SET @OLD_CHARACTER_SET_RESULTS=@@CHARACTER_SET_RESULTS */;
/*!40101 SET @OLD_COLLATION_CONNECTION=@@COLLATION_CONNECTION */;
/*!40101 SET NAMES utf8 */;

SET FOREIGN_KEY_CHECKS=0;

/*DROP DATABASE IF EXISTS `sbefacsis`;

CREATE DATABASE `sbefacsis`
    CHARACTER SET 'utf8'
    COLLATE 'utf8_general_ci';

USE `sbefacsis`;*/

#
# Structure for the `empleado` table : 
#

DROP TABLE IF EXISTS `empleado`;

CREATE TABLE `empleado` (
  `EMP_ID` int(11) NOT NULL,
  `EMP_NOMBRE` varchar(30) DEFAULT NULL,
  `EMP_APELLIDO` varchar(30) DEFAULT NULL,
  `EMP_DIRECCION` text,
  `EMP_TELEFONO1` varchar(15) DEFAULT NULL,
  `EMP_TELEFONO2` varchar(15) DEFAULT NULL,
  `EMP_TIPOSANGRE` varchar(5) DEFAULT NULL,
  `EMP_CORREO` varchar(50) DEFAULT NULL,
  `EMP_AVISAREMERGENCIA` varchar(50) DEFAULT NULL,
  `EMP_TELEFONOEMERGENCIA` varchar(50) DEFAULT NULL,
  `EMP_PARENTEZCOEMERGENCIA` varchar(20) DEFAULT NULL,
  `EMP_DESCRIPCIONALERGIAS` text,
  `EMP_DESCRIPCIONGENERAL` text,
  `EMP_ESTADO` char(1) DEFAULT NULL,
  `EMP_FECHANACIMIENTO` date DEFAULT NULL,
  `EMP_IDENTIFICACION` char(20) DEFAULT NULL,
  PRIMARY KEY (`EMP_ID`)
) ENGINE=InnoDB DEFAULT CHARSET=utf8;

#
# Structure for the `acceso_usuario` table : 
#

DROP TABLE IF EXISTS `acceso_usuario`;

CREATE TABLE `acceso_usuario` (
  `ACC_ID` int(11) NOT NULL,
  `EMP_ID` int(11) DEFAULT NULL,
  `ACC_NOMBREUSUARIO` varchar(20) DEFAULT NULL,
  `ACC_CLAVEUSUARIO` varchar(80) DEFAULT NULL,
  PRIMARY KEY (`ACC_ID`),
  KEY `FK_EMP_ACCUSU` (`EMP_ID`),
  CONSTRAINT `FK_EMP_ACCUSU` FOREIGN KEY (`EMP_ID`) REFERENCES `empleado` (`EMP_ID`)
) ENGINE=InnoDB DEFAULT CHARSET=utf8;

#
# Structure for the `almacen` table : 
#

DROP TABLE IF EXISTS `almacen`;

CREATE TABLE `almacen` (
  `ALM_ID` int(11) NOT NULL,
  `ALM_NOMBRE` varchar(60) DEFAULT NULL,
  `ALM_RUC` char(13) DEFAULT NULL,
  `ALM_WEB` varchar(50) DEFAULT NULL,
  `ALM_MAIL` varchar(100) DEFAULT NULL,
  `ALM_LOGO` text,
  PRIMARY KEY (`ALM_ID`)
) ENGINE=InnoDB DEFAULT CHARSET=utf8;

#
# Structure for the `georeferencia` table : 
#

DROP TABLE IF EXISTS `georeferencia`;

CREATE TABLE `georeferencia` (
  `GEO_ID` int(11) NOT NULL,
  `GEO_CIUDAD` varchar(100) DEFAULT NULL,
  `GEO_PROVINCIA` varchar(100) DEFAULT NULL,
  `GEO_REGION` varchar(100) DEFAULT NULL,
  `GEO_PAIS` varchar(100) DEFAULT NULL,
  `GEO_SECTOR` text,
  PRIMARY KEY (`GEO_ID`)
) ENGINE=InnoDB DEFAULT CHARSET=utf8;

#
# Structure for the `parametro` table : 
#

DROP TABLE IF EXISTS `parametro`;

CREATE TABLE `parametro` (
  `PAR_ID` int(11) NOT NULL,
  `PAR_NOMBRE` varchar(100) DEFAULT NULL,
  `PAR_TIPO` varchar(10) DEFAULT NULL,
  `PAR_FECHAREGISTRO` date DEFAULT NULL,
  `PAR_ESTADOACTIVO` char(1) DEFAULT NULL,
  PRIMARY KEY (`PAR_ID`)
) ENGINE=InnoDB DEFAULT CHARSET=utf8;

#
# Structure for the `parametro_local` table : 
#

DROP TABLE IF EXISTS `parametro_local`;

CREATE TABLE `parametro_local` (
  `PARLOC_ID` int(11) NOT NULL,
  `PAR_ID` int(11) DEFAULT NULL,
  `PARLOC_VALOR` float DEFAULT NULL,
  `PARLOC_FECHAHABILITADO` date DEFAULT NULL,
  `PARLOC_FECHADESHABILITADO` date DEFAULT NULL,
  `PARLOC_ESTADO` char(1) DEFAULT NULL,
  PRIMARY KEY (`PARLOC_ID`),
  KEY `FK_PAR_PARLOC` (`PAR_ID`),
  CONSTRAINT `FK_PAR_PARLOC` FOREIGN KEY (`PAR_ID`) REFERENCES `parametro` (`PAR_ID`)
) ENGINE=InnoDB DEFAULT CHARSET=utf8;

#
# Structure for the `local_sucursal` table : 
#

DROP TABLE IF EXISTS `local_sucursal`;

CREATE TABLE `local_sucursal` (
  `LOC_ID` int(11) NOT NULL,
  `GEO_ID` int(11) DEFAULT NULL,
  `PARLOC_ID` int(11) DEFAULT NULL,
  `ALM_ID` int(11) DEFAULT NULL,
  `LOC_NOMBRE` char(60) DEFAULT NULL,
  `LOC_DIRECCION` text,
  `LOC_ESTADO` char(1) DEFAULT NULL,
  `LOC_FAX` varchar(20) DEFAULT NULL,
  `LOC_TELEFONO1` varchar(20) DEFAULT NULL,
  `LOC_TELEFONO2` varchar(20) DEFAULT NULL,
  `LOC_DESCRIPCION` varchar(150) DEFAULT NULL,
  `LOC_CODIGO` varchar(15) DEFAULT NULL,
  `LOC_FECHAINAGURACION` date DEFAULT NULL,
  `LOC_FECHACIERRE` date DEFAULT NULL,
  `LOC_MATRIZ_O_SUCURSAL` char(1) DEFAULT NULL,
  `LOC_RUC` char(13) DEFAULT NULL,
  `LOC_MAIL` varchar(100) DEFAULT NULL,
  PRIMARY KEY (`LOC_ID`),
  KEY `FK_ALM_LOCSUC` (`ALM_ID`),
  KEY `FK_GEO_LOCSUC` (`GEO_ID`),
  KEY `FK_PARLOC_LOCSUC` (`PARLOC_ID`),
  CONSTRAINT `FK_ALM_LOCSUC` FOREIGN KEY (`ALM_ID`) REFERENCES `almacen` (`ALM_ID`),
  CONSTRAINT `FK_GEO_LOCSUC` FOREIGN KEY (`GEO_ID`) REFERENCES `georeferencia` (`GEO_ID`),
  CONSTRAINT `FK_PARLOC_LOCSUC` FOREIGN KEY (`PARLOC_ID`) REFERENCES `parametro_local` (`PARLOC_ID`)
) ENGINE=InnoDB DEFAULT CHARSET=utf8;

#
# Structure for the `pedido` table : 
#

DROP TABLE IF EXISTS `pedido`;

CREATE TABLE `pedido` (
  `PED_ID` int(11) NOT NULL,
  `LOC_ID` int(11) DEFAULT NULL,
  `PED_FECHAEMISION` date DEFAULT NULL,
  `PED_OBSERVACION` text,
  `LOC_DESTINO` int(11) DEFAULT NULL,
  PRIMARY KEY (`PED_ID`),
  KEY `FK_LOCSUC_PED` (`LOC_ID`),
  CONSTRAINT `FK_LOCSUC_PED` FOREIGN KEY (`LOC_ID`) REFERENCES `local_sucursal` (`LOC_ID`)
) ENGINE=InnoDB DEFAULT CHARSET=utf8;

#
# Structure for the `asignacion_producto` table : 
#

DROP TABLE IF EXISTS `asignacion_producto`;

CREATE TABLE `asignacion_producto` (
  `ASIPRO_ID` int(11) NOT NULL,
  `PED_ID` int(11) DEFAULT NULL,
  `ASIPRO_OBSERVACION` text,
  PRIMARY KEY (`ASIPRO_ID`),
  KEY `FK_PED_ASIPRO` (`PED_ID`),
  CONSTRAINT `FK_PED_ASIPRO` FOREIGN KEY (`PED_ID`) REFERENCES `pedido` (`PED_ID`)
) ENGINE=InnoDB DEFAULT CHARSET=utf8;

#
# Structure for the `cargo` table : 
#

DROP TABLE IF EXISTS `cargo`;

CREATE TABLE `cargo` (
  `CAR_ID` int(11) NOT NULL,
  `CAR_NOMBRE` varchar(100) DEFAULT NULL,
  `CAR_DESCRIPCION` varchar(100) DEFAULT NULL,
  PRIMARY KEY (`CAR_ID`)
) ENGINE=InnoDB DEFAULT CHARSET=utf8;

#
# Structure for the `empleado_local` table : 
#

DROP TABLE IF EXISTS `empleado_local`;

CREATE TABLE `empleado_local` (
  `EMPLOC_ID` int(11) NOT NULL,
  `CAR_ID` int(11) DEFAULT NULL,
  `EMP_ID` int(11) DEFAULT NULL,
  `LOC_ID` int(11) DEFAULT NULL,
  `EMPLOC_FECHAINGRESO` date DEFAULT NULL,
  `EMPLOC_FECHASALIDA` date DEFAULT NULL,
  `EMPLOC_MOTIVOSALIDA` varchar(100) DEFAULT NULL,
  `EMPLOC_ESTADO` char(1) DEFAULT NULL,
  PRIMARY KEY (`EMPLOC_ID`),
  KEY `FK_CAR_EMPLOC` (`CAR_ID`),
  KEY `FK_EMP_EMPLOC` (`EMP_ID`),
  KEY `FK_LOC_EMPLOC` (`LOC_ID`),
  CONSTRAINT `FK_CAR_EMPLOC` FOREIGN KEY (`CAR_ID`) REFERENCES `cargo` (`CAR_ID`),
  CONSTRAINT `FK_EMP_EMPLOC` FOREIGN KEY (`EMP_ID`) REFERENCES `empleado` (`EMP_ID`),
  CONSTRAINT `FK_LOC_EMPLOC` FOREIGN KEY (`LOC_ID`) REFERENCES `local_sucursal` (`LOC_ID`)
) ENGINE=InnoDB DEFAULT CHARSET=utf8;

#
# Structure for the `baja` table : 
#

DROP TABLE IF EXISTS `baja`;

CREATE TABLE `baja` (
  `BAJ_ID` int(11) NOT NULL,
  `LOC_ID` int(11) DEFAULT NULL,
  `EMPLOC_ID` int(11) DEFAULT NULL,
  `BAJ_FECHA` timestamp NOT NULL DEFAULT CURRENT_TIMESTAMP ON UPDATE CURRENT_TIMESTAMP,
  `BAJ_OBSERVACION` varchar(100) DEFAULT NULL,
  PRIMARY KEY (`BAJ_ID`),
  KEY `FK_EMPLOC_BAJ` (`EMPLOC_ID`),
  KEY `FK_LOCSUC_BAJ` (`LOC_ID`),
  CONSTRAINT `FK_EMPLOC_BAJ` FOREIGN KEY (`EMPLOC_ID`) REFERENCES `empleado_local` (`EMPLOC_ID`),
  CONSTRAINT `FK_LOCSUC_BAJ` FOREIGN KEY (`LOC_ID`) REFERENCES `local_sucursal` (`LOC_ID`)
) ENGINE=InnoDB DEFAULT CHARSET=utf8;

#
# Structure for the `banco` table : 
#

DROP TABLE IF EXISTS `banco`;

CREATE TABLE `banco` (
  `BAN_ID` int(11) NOT NULL,
  `BAN_NOMBRE` char(30) DEFAULT NULL,
  `BAN_DESCRIPCION` char(100) DEFAULT NULL,
  PRIMARY KEY (`BAN_ID`)
) ENGINE=InnoDB DEFAULT CHARSET=utf8;

#
# Structure for the `cliente_categoria` table : 
#

DROP TABLE IF EXISTS `cliente_categoria`;

CREATE TABLE `cliente_categoria` (
  `CLICAT_ID` int(11) NOT NULL,
  `CLICAT_CANTIDAD` int(11) DEFAULT NULL,
  PRIMARY KEY (`CLICAT_ID`)
) ENGINE=InnoDB DEFAULT CHARSET=utf8;

#
# Structure for the `cliente` table : 
#

DROP TABLE IF EXISTS `cliente`;

CREATE TABLE `cliente` (
  `CLI_ID` int(11) NOT NULL,
  `CLICAT_ID` int(11) DEFAULT NULL,
  `CLI_NOMBRE` char(30) DEFAULT NULL,
  `CLI_APELLIDO` char(30) DEFAULT NULL,
  `CLI_DIRECCION` char(100) DEFAULT NULL,
  `CLI_IDENTIFICACION` char(13) DEFAULT NULL,
  `CLI_TIPOIDENTIFICACION` char(2) DEFAULT NULL,
  `CLI_TELEFONO1` char(15) DEFAULT NULL,
  `CLI_TELEFONO2` char(15) DEFAULT NULL,
  `CLI_TELEFONO3` char(15) DEFAULT NULL,
  `CLI_MAIL` char(50) DEFAULT NULL,
  PRIMARY KEY (`CLI_ID`),
  KEY `FK_CLICAT_CLI` (`CLICAT_ID`),
  CONSTRAINT `FK_CLICAT_CLI` FOREIGN KEY (`CLICAT_ID`) REFERENCES `cliente_categoria` (`CLICAT_ID`)
) ENGINE=InnoDB DEFAULT CHARSET=utf8;

#
# Structure for the `banco_cliente` table : 
#

DROP TABLE IF EXISTS `banco_cliente`;

CREATE TABLE `banco_cliente` (
  `BANCLI_ID` int(11) NOT NULL,
  `CLI_ID` int(11) DEFAULT NULL,
  `BAN_ID` int(11) DEFAULT NULL,
  `BANCLI_DESCRIPCION` text,
  PRIMARY KEY (`BANCLI_ID`),
  KEY `FK_BAN_BANCLI` (`BAN_ID`),
  KEY `FK_CLI_BANCLI` (`CLI_ID`),
  CONSTRAINT `FK_BAN_BANCLI` FOREIGN KEY (`BAN_ID`) REFERENCES `banco` (`BAN_ID`),
  CONSTRAINT `FK_CLI_BANCLI` FOREIGN KEY (`CLI_ID`) REFERENCES `cliente` (`CLI_ID`)
) ENGINE=InnoDB DEFAULT CHARSET=utf8;

#
# Structure for the `caja` table : 
#

DROP TABLE IF EXISTS `caja`;

CREATE TABLE `caja` (
  `CAJ_ID` int(11) NOT NULL,
  `LOC_ID` int(11) DEFAULT NULL,
  `CAJ_FECHA` timestamp NOT NULL DEFAULT CURRENT_TIMESTAMP ON UPDATE CURRENT_TIMESTAMP,
  `CAJ_VALOR` float DEFAULT NULL,
  `CAJ_ESTADO` char(1) DEFAULT NULL,
  PRIMARY KEY (`CAJ_ID`),
  KEY `FK_LOCSUC_CAJ` (`LOC_ID`),
  CONSTRAINT `FK_LOCSUC_CAJ` FOREIGN KEY (`LOC_ID`) REFERENCES `local_sucursal` (`LOC_ID`)
) ENGINE=InnoDB DEFAULT CHARSET=utf8;

#
# Structure for the `caja_apertura` table : 
#

DROP TABLE IF EXISTS `caja_apertura`;

CREATE TABLE `caja_apertura` (
  `CAJAPE_ID` int(11) NOT NULL,
  `CAJ_ID` int(11) DEFAULT NULL,
  `CAJAPE_FECHA` timestamp NOT NULL DEFAULT CURRENT_TIMESTAMP ON UPDATE CURRENT_TIMESTAMP,
  `CAJAPE_1CENT` int(11) DEFAULT NULL,
  `CAJAPE_5CENT` int(11) DEFAULT NULL,
  `CAJAPE_10CENT` int(11) DEFAULT NULL,
  `CAJAPE_25CENT` int(11) DEFAULT NULL,
  `CAJAPE_50CENT` int(11) DEFAULT NULL,
  `CAJAPE_1DOL` int(11) DEFAULT NULL,
  `CAJAPE_2DOL` int(11) DEFAULT NULL,
  `CAJAPE_5DOL` int(11) DEFAULT NULL,
  `CAJAPE_10DOL` int(11) DEFAULT NULL,
  `CAJAPE_20DOL` int(11) DEFAULT NULL,
  `CAJAPE_50DOL` int(11) DEFAULT NULL,
  `CAJAPE_100DOL` int(11) DEFAULT NULL,
  `CAJAPE_TOTAL` float DEFAULT NULL,
  PRIMARY KEY (`CAJAPE_ID`),
  KEY `FK_CAJ_CAJAPE` (`CAJ_ID`),
  CONSTRAINT `FK_CAJ_CAJAPE` FOREIGN KEY (`CAJ_ID`) REFERENCES `caja` (`CAJ_ID`)
) ENGINE=InnoDB DEFAULT CHARSET=utf8;

#
# Structure for the `compra` table : 
#

DROP TABLE IF EXISTS `compra`;

CREATE TABLE `compra` (
  `COM_ID` int(11) NOT NULL,
  `COM_FECHA` timestamp NOT NULL DEFAULT CURRENT_TIMESTAMP ON UPDATE CURRENT_TIMESTAMP,
  `COM_TOTAL` float DEFAULT NULL,
  PRIMARY KEY (`COM_ID`)
) ENGINE=InnoDB DEFAULT CHARSET=utf8;

#
# Structure for the `venta` table : 
#

DROP TABLE IF EXISTS `venta`;

CREATE TABLE `venta` (
  `VEN_ID` int(11) NOT NULL,
  `VEN_FECHA` timestamp NOT NULL DEFAULT CURRENT_TIMESTAMP ON UPDATE CURRENT_TIMESTAMP,
  `VEN_TOTAL` float DEFAULT NULL,
  PRIMARY KEY (`VEN_ID`)
) ENGINE=InnoDB DEFAULT CHARSET=utf8;

#
# Structure for the `caja_cierre` table : 
#

DROP TABLE IF EXISTS `caja_cierre`;

CREATE TABLE `caja_cierre` (
  `CIER_ID` int(11) NOT NULL,
  `VEN_ID` int(11) DEFAULT NULL,
  `CAJ_ID` int(11) DEFAULT NULL,
  `EMPLOC_ID` int(11) DEFAULT NULL,
  `COM_ID` int(11) DEFAULT NULL,
  `CIER_FECHA` timestamp NOT NULL DEFAULT CURRENT_TIMESTAMP ON UPDATE CURRENT_TIMESTAMP,
  `CIER_TOTAL` float DEFAULT NULL,
  PRIMARY KEY (`CIER_ID`),
  KEY `FK_CAJ_CAJCIE` (`CAJ_ID`),
  KEY `FK_COM_CAJCIE` (`COM_ID`),
  KEY `FK_EMPLOC_CAJCIE` (`EMPLOC_ID`),
  KEY `FK_VEN_CAJCIE` (`VEN_ID`),
  CONSTRAINT `FK_CAJ_CAJCIE` FOREIGN KEY (`CAJ_ID`) REFERENCES `caja` (`CAJ_ID`),
  CONSTRAINT `FK_COM_CAJCIE` FOREIGN KEY (`COM_ID`) REFERENCES `compra` (`COM_ID`),
  CONSTRAINT `FK_EMPLOC_CAJCIE` FOREIGN KEY (`EMPLOC_ID`) REFERENCES `empleado_local` (`EMPLOC_ID`),
  CONSTRAINT `FK_VEN_CAJCIE` FOREIGN KEY (`VEN_ID`) REFERENCES `venta` (`VEN_ID`)
) ENGINE=InnoDB DEFAULT CHARSET=utf8;

#
# Structure for the `calendario` table : 
#

DROP TABLE IF EXISTS `calendario`;

CREATE TABLE `calendario` (
  `CAL_ID` int(11) NOT NULL,
  `CAL_FECHA` date DEFAULT NULL,
  PRIMARY KEY (`CAL_ID`)
) ENGINE=InnoDB DEFAULT CHARSET=utf8;

#
# Structure for the `cuenta` table : 
#

DROP TABLE IF EXISTS `cuenta`;

CREATE TABLE `cuenta` (
  `CUE_ID` int(11) NOT NULL,
  `BAN_ID` int(11) DEFAULT NULL,
  `CUE_NUMEROCUENTA` char(20) DEFAULT NULL,
  `CUE_TIPOCUENTA` char(1) DEFAULT NULL,
  PRIMARY KEY (`CUE_ID`),
  KEY `FK_BAN_CUE` (`BAN_ID`),
  CONSTRAINT `FK_BAN_CUE` FOREIGN KEY (`BAN_ID`) REFERENCES `banco` (`BAN_ID`)
) ENGINE=InnoDB DEFAULT CHARSET=utf8;

#
# Structure for the `tipo_cheque` table : 
#

DROP TABLE IF EXISTS `tipo_cheque`;

CREATE TABLE `tipo_cheque` (
  `TIPCHE_ID` int(11) NOT NULL,
  `TIPCHE_NOMBRE` varchar(15) DEFAULT NULL,
  PRIMARY KEY (`TIPCHE_ID`)
) ENGINE=InnoDB DEFAULT CHARSET=utf8;

#
# Structure for the `cheque` table : 
#

DROP TABLE IF EXISTS `cheque`;

CREATE TABLE `cheque` (
  `CHE_ID` int(11) NOT NULL,
  `TIPCHE_ID` int(11) DEFAULT NULL,
  `CUE_ID` int(11) DEFAULT NULL,
  `CHE_NUMEROCHEQUE` char(20) DEFAULT NULL,
  `CHE_VALOR` float DEFAULT NULL,
  `CHE_FECHAPAGO` date DEFAULT NULL,
  PRIMARY KEY (`CHE_ID`),
  KEY `FK_CUE_CHE` (`CUE_ID`),
  KEY `FK_TIPCHE_CHE` (`TIPCHE_ID`),
  CONSTRAINT `FK_CUE_CHE` FOREIGN KEY (`CUE_ID`) REFERENCES `cuenta` (`CUE_ID`),
  CONSTRAINT `FK_TIPCHE_CHE` FOREIGN KEY (`TIPCHE_ID`) REFERENCES `tipo_cheque` (`TIPCHE_ID`)
) ENGINE=InnoDB DEFAULT CHARSET=utf8;

#
# Structure for the `consignacion` table : 
#

DROP TABLE IF EXISTS `consignacion`;

CREATE TABLE `consignacion` (
  `CON_ID` int(11) NOT NULL,
  `LOC_ID` int(11) DEFAULT NULL,
  `CLI_ID` int(11) DEFAULT NULL,
  `CON_NUMERO` char(9) DEFAULT NULL,
  `CON_SUBTOTAL` float DEFAULT NULL,
  `CON_IVA` int(11) DEFAULT NULL,
  `CON_VALORIVA` float DEFAULT NULL,
  `CON_VALORIVA0` float DEFAULT NULL,
  `CON_ICE` int(11) DEFAULT NULL,
  `CON_VALORICE` float DEFAULT NULL,
  `CON_DESCUENTO` float DEFAULT NULL,
  `CON_TOTAL` float DEFAULT NULL,
  `CON_FECHAEMISION` timestamp NOT NULL DEFAULT CURRENT_TIMESTAMP ON UPDATE CURRENT_TIMESTAMP,
  `CON_NUMEROPRODUCTO` int(11) DEFAULT NULL,
  `CON_ESTADO` varchar(3) DEFAULT NULL,
  `CON_SERIE` varchar(20) DEFAULT NULL,
  PRIMARY KEY (`CON_ID`),
  KEY `FK_CLI_CON` (`CLI_ID`),
  KEY `FK_LOCSUC_CON` (`LOC_ID`),
  CONSTRAINT `FK_CLI_CON` FOREIGN KEY (`CLI_ID`) REFERENCES `cliente` (`CLI_ID`),
  CONSTRAINT `FK_LOCSUC_CON` FOREIGN KEY (`LOC_ID`) REFERENCES `local_sucursal` (`LOC_ID`)
) ENGINE=InnoDB DEFAULT CHARSET=utf8;

#
# Structure for the `empresa_proveedora` table : 
#

DROP TABLE IF EXISTS `empresa_proveedora`;

CREATE TABLE `empresa_proveedora` (
  `EMPPRO_ID` int(11) NOT NULL,
  `EMPPRO_NOMBRE` varchar(60) DEFAULT NULL,
  `EMPPRO_DIRECCION` text,
  `EMPPRO_TELEFONO1` varchar(20) DEFAULT NULL,
  `EMPPRO_TELEFONO2` varchar(20) DEFAULT NULL,
  `EMPPRO_RUC` char(13) DEFAULT NULL,
  `EMPPRO_CIUDAD` varchar(50) DEFAULT NULL,
  `EMPPRO_RAZONSOCIAL` varchar(50) DEFAULT NULL,
  `EMPPRO_FAX` varchar(20) DEFAULT NULL,
  `EMPPRO_MAIL` varchar(50) DEFAULT NULL,
  PRIMARY KEY (`EMPPRO_ID`)
) ENGINE=InnoDB DEFAULT CHARSET=utf8;

#
# Structure for the `contacto_proveedora` table : 
#

DROP TABLE IF EXISTS `contacto_proveedora`;

CREATE TABLE `contacto_proveedora` (
  `CONPRO_ID` int(11) NOT NULL,
  `EMPPRO_ID` int(11) DEFAULT NULL,
  `CONPRO_NOMBRE` varchar(30) DEFAULT NULL,
  `CONPRO_APELLIDO` varchar(30) DEFAULT NULL,
  `CONPRO_TELEFONO1` varchar(15) DEFAULT NULL,
  `CONPRO_TELEFONO2` varchar(15) DEFAULT NULL,
  `CONPRO_MAIL` varchar(50) DEFAULT NULL,
  `CONPRO_DESCRIPCIONVISITA` varchar(100) DEFAULT NULL,
  PRIMARY KEY (`CONPRO_ID`),
  KEY `FK_EMPPRO_CONPRO` (`EMPPRO_ID`),
  CONSTRAINT `FK_EMPPRO_CONPRO` FOREIGN KEY (`EMPPRO_ID`) REFERENCES `empresa_proveedora` (`EMPPRO_ID`)
) ENGINE=InnoDB DEFAULT CHARSET=utf8;

#
# Structure for the `cotizacion` table : 
#

DROP TABLE IF EXISTS `cotizacion`;

CREATE TABLE `cotizacion` (
  `COT_ID` int(11) NOT NULL,
  `LOC_ID` int(11) DEFAULT NULL,
  `CLI_ID` int(11) DEFAULT NULL,
  `COT_NUMEROCOTIZACION` char(9) DEFAULT NULL,
  `COT_SUBTOTAL` float DEFAULT NULL,
  `COT_IVA` int(11) DEFAULT NULL,
  `COT_VALORIVA` float DEFAULT NULL,
  `COT_VALORIVA0` float DEFAULT NULL,
  `COT_ICE` int(11) DEFAULT NULL,
  `COT_VALORICE` float DEFAULT NULL,
  `COT_DESCUENTO` float DEFAULT NULL,
  `COT_TOTAL` float DEFAULT NULL,
  `COT_FECHAEMISION` date DEFAULT NULL,
  `COT_FECHAVALIDEZ` date DEFAULT NULL,
  `COT_NUMEROPRODUCTO` int(11) DEFAULT NULL,
  `COT_ESTADO` varchar(3) DEFAULT NULL,
  `COT_SERIE` varchar(20) DEFAULT NULL,
  PRIMARY KEY (`COT_ID`),
  KEY `FK_CLI_COT` (`CLI_ID`),
  KEY `FK_LOCSUC_COT` (`LOC_ID`),
  CONSTRAINT `FK_CLI_COT` FOREIGN KEY (`CLI_ID`) REFERENCES `cliente` (`CLI_ID`),
  CONSTRAINT `FK_LOCSUC_COT` FOREIGN KEY (`LOC_ID`) REFERENCES `local_sucursal` (`LOC_ID`)
) ENGINE=InnoDB DEFAULT CHARSET=utf8;

#
# Structure for the `credito` table : 
#

DROP TABLE IF EXISTS `credito`;

CREATE TABLE `credito` (
  `CRE_ID` int(11) NOT NULL,
  `CRE_NUMEROCUOTAS` int(11) DEFAULT NULL,
  `CRE_FECHAMAXIMOPAGO` date DEFAULT NULL,
  `CRE_VALORDEUDA` float DEFAULT NULL,
  `CRE_ESTADO` char(1) DEFAULT NULL,
  PRIMARY KEY (`CRE_ID`)
) ENGINE=InnoDB DEFAULT CHARSET=utf8;

#
# Structure for the `producto` table : 
#

DROP TABLE IF EXISTS `producto`;

CREATE TABLE `producto` (
  `PRO_ID2` int(11) NOT NULL,
  `PRO_CODIGO` char(20) DEFAULT NULL,
  `PRO_FECHAREGISTRO` date DEFAULT NULL,
  `PRO_ESTADO` char(13) DEFAULT NULL,
  `PRO_NOMBRE` char(50) DEFAULT NULL,
  `PRO_CONTENIDO` char(10) DEFAULT NULL,
  `PRO_DESCRIPCION` char(100) DEFAULT NULL,
  `PRO_TIPOUSO` char(10) DEFAULT NULL,
  `PRO_GRAVAIVA` char(1) DEFAULT NULL,
  `PRO_GRAVAICE` char(1) DEFAULT NULL,
  `PRO_FECHAELABORACION` date DEFAULT NULL,
  `PRO_FECHACADUCIDAD` date DEFAULT NULL,
  `PRO_CODIGOPROV` char(30) DEFAULT NULL,
  `PRO_TIPO` char(1) DEFAULT NULL,
  PRIMARY KEY (`PRO_ID2`)
) ENGINE=InnoDB DEFAULT CHARSET=utf8;

#
# Structure for the `detalle_asignacion` table : 
#

DROP TABLE IF EXISTS `detalle_asignacion`;

CREATE TABLE `detalle_asignacion` (
  `DETASI_ID` int(11) NOT NULL,
  `PRO_ID2` int(11) DEFAULT NULL,
  `ASIPRO_ID` int(11) DEFAULT NULL,
  `DETASI_CANTIDAD` int(11) DEFAULT NULL,
  PRIMARY KEY (`DETASI_ID`),
  KEY `FK_ASIPRO_DETASI` (`ASIPRO_ID`),
  KEY `FK_PRO_DETASI` (`PRO_ID2`),
  CONSTRAINT `FK_ASIPRO_DETASI` FOREIGN KEY (`ASIPRO_ID`) REFERENCES `asignacion_producto` (`ASIPRO_ID`),
  CONSTRAINT `FK_PRO_DETASI` FOREIGN KEY (`PRO_ID2`) REFERENCES `producto` (`PRO_ID2`)
) ENGINE=InnoDB DEFAULT CHARSET=utf8;

#
# Structure for the `detalle_baja` table : 
#

DROP TABLE IF EXISTS `detalle_baja`;

CREATE TABLE `detalle_baja` (
  `DETBAJ_ID` int(11) NOT NULL,
  `BAJ_ID` int(11) DEFAULT NULL,
  `PRO_ID2` int(11) DEFAULT NULL,
  `DETBAJ_CANTIDAD` int(11) DEFAULT NULL,
  `DETBAJ_MOTIVOS` varchar(100) DEFAULT NULL,
  PRIMARY KEY (`DETBAJ_ID`),
  KEY `FK_BAJ_DETBAJ` (`BAJ_ID`),
  KEY `FK_PRO_DETBAJ` (`PRO_ID2`),
  CONSTRAINT `FK_BAJ_DETBAJ` FOREIGN KEY (`BAJ_ID`) REFERENCES `baja` (`BAJ_ID`),
  CONSTRAINT `FK_PRO_DETBAJ` FOREIGN KEY (`PRO_ID2`) REFERENCES `producto` (`PRO_ID2`)
) ENGINE=InnoDB DEFAULT CHARSET=utf8;

#
# Structure for the `detalle_caja_cierre` table : 
#

DROP TABLE IF EXISTS `detalle_caja_cierre`;

CREATE TABLE `detalle_caja_cierre` (
  `DETCIE_ID` int(11) NOT NULL,
  `CIER_ID` int(11) DEFAULT NULL,
  `DETCIE_FECHA` timestamp NOT NULL DEFAULT CURRENT_TIMESTAMP ON UPDATE CURRENT_TIMESTAMP,
  `DETCIE_1CENT` int(11) DEFAULT NULL,
  `DETCIE_5CENT` int(11) DEFAULT NULL,
  `DETCIE_10CENT` int(11) DEFAULT NULL,
  `DETCIE_25CENT` int(11) DEFAULT NULL,
  `DETCIE_50CENT` int(11) DEFAULT NULL,
  `DETCIE_1DOL` int(11) DEFAULT NULL,
  `DETCIE_2DOL` int(11) DEFAULT NULL,
  `DETCIE_5DOL` int(11) DEFAULT NULL,
  `DETCIE_10DOL` int(11) DEFAULT NULL,
  `DETCIE_20DOL` int(11) DEFAULT NULL,
  `DETCIE_50DOL` int(11) DEFAULT NULL,
  `DETCIE_100DOL` int(11) DEFAULT NULL,
  `DETCIE_TOTAL` float DEFAULT NULL,
  PRIMARY KEY (`DETCIE_ID`),
  KEY `FK_CAJCIE_DETCAJCIE` (`CIER_ID`),
  CONSTRAINT `FK_CAJCIE_DETCAJCIE` FOREIGN KEY (`CIER_ID`) REFERENCES `caja_cierre` (`CIER_ID`)
) ENGINE=InnoDB DEFAULT CHARSET=utf8;

#
# Structure for the `dinero_electronico` table : 
#

DROP TABLE IF EXISTS `dinero_electronico`;

CREATE TABLE `dinero_electronico` (
  `DINELE_ID` int(11) NOT NULL,
  `DINELE_CELULAR` char(13) DEFAULT NULL,
  `DINELE_VALOR` float DEFAULT NULL,
  `DINELE_FECHAPAGO` date DEFAULT NULL,
  `DINELE_HORAPAGO` time DEFAULT NULL,
  `DINELE_ESTADO` char(3) DEFAULT NULL,
  PRIMARY KEY (`DINELE_ID`)
) ENGINE=InnoDB DEFAULT CHARSET=utf8;

#
# Structure for the `efectivo` table : 
#

DROP TABLE IF EXISTS `efectivo`;

CREATE TABLE `efectivo` (
  `EFE_ID` int(11) NOT NULL,
  `EFE_VALOR` float DEFAULT NULL,
  PRIMARY KEY (`EFE_ID`)
) ENGINE=InnoDB DEFAULT CHARSET=utf8;

#
# Structure for the `transferencia` table : 
#

DROP TABLE IF EXISTS `transferencia`;

CREATE TABLE `transferencia` (
  `TRA_ID` int(11) NOT NULL,
  `CUE_ID` int(11) DEFAULT NULL,
  `TRA_NUMERODOCUMENTO` char(20) DEFAULT NULL,
  `TRA_FECHA` date DEFAULT NULL,
  `TRA_VALOR` float DEFAULT NULL,
  PRIMARY KEY (`TRA_ID`),
  KEY `FK_CUE_TRA` (`CUE_ID`),
  CONSTRAINT `FK_CUE_TRA` FOREIGN KEY (`CUE_ID`) REFERENCES `cuenta` (`CUE_ID`)
) ENGINE=InnoDB DEFAULT CHARSET=utf8;

#
# Structure for the `forma_pago` table : 
#

DROP TABLE IF EXISTS `forma_pago`;

CREATE TABLE `forma_pago` (
  `FORPAG_ID` int(11) NOT NULL,
  `CRE_ID` int(11) DEFAULT NULL,
  `EFE_ID` int(11) DEFAULT NULL,
  `DINELE_ID` int(11) DEFAULT NULL,
  `CHE_ID` int(11) DEFAULT NULL,
  `TRA_ID` int(11) DEFAULT NULL,
  `FORPAG_TOTAL` float DEFAULT NULL,
  `FORPAG_FECHA` date DEFAULT NULL,
  `FORPAG_ESTADO` char(3) DEFAULT NULL,
  PRIMARY KEY (`FORPAG_ID`),
  KEY `FK_CHE_FORPAG` (`CHE_ID`),
  KEY `FK_CRE_FORPAG` (`CRE_ID`),
  KEY `FK_DINELE_FORPAG` (`DINELE_ID`),
  KEY `FK_EFE_FORPAG` (`EFE_ID`),
  KEY `FK_TRA_FORPAG` (`TRA_ID`),
  CONSTRAINT `FK_CHE_FORPAG` FOREIGN KEY (`CHE_ID`) REFERENCES `cheque` (`CHE_ID`),
  CONSTRAINT `FK_CRE_FORPAG` FOREIGN KEY (`CRE_ID`) REFERENCES `credito` (`CRE_ID`),
  CONSTRAINT `FK_DINELE_FORPAG` FOREIGN KEY (`DINELE_ID`) REFERENCES `dinero_electronico` (`DINELE_ID`),
  CONSTRAINT `FK_EFE_FORPAG` FOREIGN KEY (`EFE_ID`) REFERENCES `efectivo` (`EFE_ID`),
  CONSTRAINT `FK_TRA_FORPAG` FOREIGN KEY (`TRA_ID`) REFERENCES `transferencia` (`TRA_ID`)
) ENGINE=InnoDB DEFAULT CHARSET=utf8;

#
# Structure for the `factura_compra` table : 
#

DROP TABLE IF EXISTS `factura_compra`;

CREATE TABLE `factura_compra` (
  `FACCOM_ID` int(11) NOT NULL,
  `FORPAG_ID` int(11) DEFAULT NULL,
  `EMPLOC_ID` int(11) DEFAULT NULL,
  `LOC_ID` int(11) DEFAULT NULL,
  `EMPPRO_ID` int(11) DEFAULT NULL,
  `FACCOM_NUMEROFACTURA` char(9) DEFAULT NULL,
  `FACCOM_SUBTOTAL` float DEFAULT NULL,
  `FACCOM_IVA` float DEFAULT NULL,
  `FACCOM_VALORIVA` float DEFAULT NULL,
  `FACCOM_VALORIVA0` float DEFAULT NULL,
  `FACCOM_ICE` float DEFAULT NULL,
  `FACCOM_VALORICE` float DEFAULT NULL,
  `FACCOM_DESCUENTO` float DEFAULT NULL,
  `FACCOM_TOTAL` float DEFAULT NULL,
  `FACCOM_FECHA` date DEFAULT NULL,
  `FACCOM_NUMEROPRODUCTOS` int(11) DEFAULT NULL,
  `FACCOM_ESTADO` char(3) DEFAULT NULL,
  `FACCOM_SERIE` char(20) DEFAULT NULL,
  `FACCOM_TIPODOC` char(3) DEFAULT NULL,
  PRIMARY KEY (`FACCOM_ID`),
  KEY `FK_EMPLOC_FACCOM` (`EMPLOC_ID`),
  KEY `FK_EMPPRO_FACCOM` (`EMPPRO_ID`),
  KEY `FK_FORPAG_FACCOM` (`FORPAG_ID`),
  KEY `FK_LOCSUC_FACCOM` (`LOC_ID`),
  CONSTRAINT `FK_EMPLOC_FACCOM` FOREIGN KEY (`EMPLOC_ID`) REFERENCES `empleado_local` (`EMPLOC_ID`),
  CONSTRAINT `FK_EMPPRO_FACCOM` FOREIGN KEY (`EMPPRO_ID`) REFERENCES `empresa_proveedora` (`EMPPRO_ID`),
  CONSTRAINT `FK_FORPAG_FACCOM` FOREIGN KEY (`FORPAG_ID`) REFERENCES `forma_pago` (`FORPAG_ID`),
  CONSTRAINT `FK_LOCSUC_FACCOM` FOREIGN KEY (`LOC_ID`) REFERENCES `local_sucursal` (`LOC_ID`)
) ENGINE=InnoDB DEFAULT CHARSET=utf8;

#
# Structure for the `detalle_compra` table : 
#

DROP TABLE IF EXISTS `detalle_compra`;

CREATE TABLE `detalle_compra` (
  `DETCOM_ID` int(11) NOT NULL,
  `PRO_ID` int(11) NOT NULL,
  `PRO_ID2` int(11) DEFAULT NULL,
  `FACCOM_ID` int(11) DEFAULT NULL,
  `DETCOM_CANTIDAD` int(11) DEFAULT NULL,
  `DETCOM_COSTOUNITARIO` float DEFAULT NULL,
  `DETCOM_COSTOTOTAL` float DEFAULT NULL,
  PRIMARY KEY (`DETCOM_ID`,`PRO_ID`),
  KEY `FK_FACCOM_DETCOM` (`FACCOM_ID`),
  KEY `FK_PRO_DETCOM` (`PRO_ID2`),
  CONSTRAINT `FK_FACCOM_DETCOM` FOREIGN KEY (`FACCOM_ID`) REFERENCES `factura_compra` (`FACCOM_ID`),
  CONSTRAINT `FK_PRO_DETCOM` FOREIGN KEY (`PRO_ID2`) REFERENCES `producto` (`PRO_ID2`)
) ENGINE=InnoDB DEFAULT CHARSET=utf8;

#
# Structure for the `detalle_consignacion` table : 
#

DROP TABLE IF EXISTS `detalle_consignacion`;

CREATE TABLE `detalle_consignacion` (
  `DETCON_ID` int(11) NOT NULL,
  `CON_ID` int(11) DEFAULT NULL,
  `PRO_ID2` int(11) DEFAULT NULL,
  `DETCON_CANTIDAD` int(11) DEFAULT NULL,
  `DETCON_VALORUNITARIO` float DEFAULT NULL,
  `DETCON_VALORTOTAL` float DEFAULT NULL,
  PRIMARY KEY (`DETCON_ID`),
  KEY `FK_CON_DETCON` (`CON_ID`),
  KEY `FK_PRO_DETCON` (`PRO_ID2`),
  CONSTRAINT `FK_CON_DETCON` FOREIGN KEY (`CON_ID`) REFERENCES `consignacion` (`CON_ID`),
  CONSTRAINT `FK_PRO_DETCON` FOREIGN KEY (`PRO_ID2`) REFERENCES `producto` (`PRO_ID2`)
) ENGINE=InnoDB DEFAULT CHARSET=utf8;

#
# Structure for the `detalle_cotizacion` table : 
#

DROP TABLE IF EXISTS `detalle_cotizacion`;

CREATE TABLE `detalle_cotizacion` (
  `DETCOT_ID` int(11) NOT NULL,
  `COT_ID` int(11) DEFAULT NULL,
  `PRO_ID2` int(11) DEFAULT NULL,
  `DETCOT_CANTIDAD` float DEFAULT NULL,
  `DETCOT_VALORUNITARIO` float DEFAULT NULL,
  `DETCOT_VALORTOTAL` float DEFAULT NULL,
  PRIMARY KEY (`DETCOT_ID`),
  KEY `FK_COT_DETCOT` (`COT_ID`),
  KEY `FK_PRO_DETCOT` (`PRO_ID2`),
  CONSTRAINT `FK_COT_DETCOT` FOREIGN KEY (`COT_ID`) REFERENCES `cotizacion` (`COT_ID`),
  CONSTRAINT `FK_PRO_DETCOT` FOREIGN KEY (`PRO_ID2`) REFERENCES `producto` (`PRO_ID2`)
) ENGINE=InnoDB DEFAULT CHARSET=utf8;

#
# Structure for the `detalle_credito` table : 
#

DROP TABLE IF EXISTS `detalle_credito`;

CREATE TABLE `detalle_credito` (
  `DETCRE_ID` int(11) NOT NULL,
  `FORPAG_ID` int(11) DEFAULT NULL,
  `CRE_ID` int(11) DEFAULT NULL,
  `DETCRE_NUMEROCUOTA` int(11) DEFAULT NULL,
  `DETCRE_VALORPAGADO` float DEFAULT NULL,
  `DETCRE_FECHAPAGADO` timestamp NOT NULL DEFAULT CURRENT_TIMESTAMP ON UPDATE CURRENT_TIMESTAMP,
  `DETCRE_SALDODEUDA` float DEFAULT NULL,
  PRIMARY KEY (`DETCRE_ID`),
  KEY `FK_CRE_DETCRE` (`CRE_ID`),
  KEY `FK_FORPAG_DETCRE` (`FORPAG_ID`),
  CONSTRAINT `FK_CRE_DETCRE` FOREIGN KEY (`CRE_ID`) REFERENCES `credito` (`CRE_ID`),
  CONSTRAINT `FK_FORPAG_DETCRE` FOREIGN KEY (`FORPAG_ID`) REFERENCES `forma_pago` (`FORPAG_ID`)
) ENGINE=InnoDB DEFAULT CHARSET=utf8;

#
# Structure for the `devolucion` table : 
#

DROP TABLE IF EXISTS `devolucion`;

CREATE TABLE `devolucion` (
  `DEV_ID` int(11) NOT NULL,
  `CLI_ID` int(11) DEFAULT NULL,
  `LOC_ID` int(11) DEFAULT NULL,
  `DEV_FECHA` timestamp NOT NULL DEFAULT CURRENT_TIMESTAMP ON UPDATE CURRENT_TIMESTAMP,
  `DEV_MOTIVOS` text,
  PRIMARY KEY (`DEV_ID`),
  KEY `FK_CLI_DEV` (`CLI_ID`),
  KEY `FK_LOCSUC_DEV` (`LOC_ID`),
  CONSTRAINT `FK_CLI_DEV` FOREIGN KEY (`CLI_ID`) REFERENCES `cliente` (`CLI_ID`),
  CONSTRAINT `FK_LOCSUC_DEV` FOREIGN KEY (`LOC_ID`) REFERENCES `local_sucursal` (`LOC_ID`)
) ENGINE=InnoDB DEFAULT CHARSET=utf8;

#
# Structure for the `detalle_devolucion` table : 
#

DROP TABLE IF EXISTS `detalle_devolucion`;

CREATE TABLE `detalle_devolucion` (
  `DETDEV_ID` int(11) NOT NULL,
  `DEV_ID` int(11) DEFAULT NULL,
  `PRO_ID2` int(11) DEFAULT NULL,
  `DETDEV_CANTIDAD` int(11) DEFAULT NULL,
  `DETDEV_MOTIVO` text,
  PRIMARY KEY (`DETDEV_ID`),
  KEY `FK_DEV_DETDEV` (`DEV_ID`),
  KEY `FK_PRO_DETDEV` (`PRO_ID2`),
  CONSTRAINT `FK_DEV_DETDEV` FOREIGN KEY (`DEV_ID`) REFERENCES `devolucion` (`DEV_ID`),
  CONSTRAINT `FK_PRO_DETDEV` FOREIGN KEY (`PRO_ID2`) REFERENCES `producto` (`PRO_ID2`)
) ENGINE=InnoDB DEFAULT CHARSET=utf8;

#
# Structure for the `detalle_egreso` table : 
#

DROP TABLE IF EXISTS `detalle_egreso`;

CREATE TABLE `detalle_egreso` (
  `DETEGR_ID` int(11) NOT NULL,
  `COM_ID` int(11) DEFAULT NULL,
  PRIMARY KEY (`DETEGR_ID`),
  KEY `FK_COM_DETEGR` (`COM_ID`),
  CONSTRAINT `FK_COM_DETEGR` FOREIGN KEY (`COM_ID`) REFERENCES `compra` (`COM_ID`)
) ENGINE=InnoDB DEFAULT CHARSET=utf8;

#
# Structure for the `provincia` table : 
#

DROP TABLE IF EXISTS `provincia`;

CREATE TABLE `provincia` (
  `PROV_ID` int(11) NOT NULL,
  `PROV_NOMBRE` varchar(60) DEFAULT NULL,
  `PROV_REGION` varchar(10) DEFAULT NULL,
  PRIMARY KEY (`PROV_ID`)
) ENGINE=InnoDB DEFAULT CHARSET=utf8;

#
# Structure for the `localidad` table : 
#

DROP TABLE IF EXISTS `localidad`;

CREATE TABLE `localidad` (
  `LOCA_ID` int(11) NOT NULL,
  `PROV_ID` int(11) DEFAULT NULL,
  `LOCA_NOMBRE` varchar(60) DEFAULT NULL,
  PRIMARY KEY (`LOCA_ID`),
  KEY `FK_PROV_LOC` (`PROV_ID`),
  CONSTRAINT `FK_PROV_LOC` FOREIGN KEY (`PROV_ID`) REFERENCES `provincia` (`PROV_ID`)
) ENGINE=InnoDB DEFAULT CHARSET=utf8;

#
# Structure for the `gasto` table : 
#

DROP TABLE IF EXISTS `gasto`;

CREATE TABLE `gasto` (
  `GAS_ID` int(11) NOT NULL,
  `LOCA_ID` int(11) DEFAULT NULL,
  `EMPLOC_ID` int(11) DEFAULT NULL,
  `LOC_ID` int(11) DEFAULT NULL,
  `GAS_NUMERO` char(9) DEFAULT NULL,
  `GAS_FECHA` date DEFAULT NULL,
  `GAS_SUBTOTAL` float DEFAULT NULL,
  `GAS_IVA` int(11) DEFAULT NULL,
  `GAS_VALORIVA` float DEFAULT NULL,
  `GAS_VALORIVA0` float DEFAULT NULL,
  `GAS_ICE` int(11) DEFAULT NULL,
  `GAS_VALORICE` float DEFAULT NULL,
  `GAS_DESCUENTO` float DEFAULT NULL,
  `GAS_TOTAL` float DEFAULT NULL,
  `GAS_ESTADO` char(3) DEFAULT NULL,
  PRIMARY KEY (`GAS_ID`),
  KEY `FK_EMPLOC_GAS` (`EMPLOC_ID`),
  KEY `FK_LOCSUC_GAS` (`LOC_ID`),
  KEY `FK_LOC_GAS` (`LOCA_ID`),
  CONSTRAINT `FK_EMPLOC_GAS` FOREIGN KEY (`EMPLOC_ID`) REFERENCES `empleado_local` (`EMPLOC_ID`),
  CONSTRAINT `FK_LOCSUC_GAS` FOREIGN KEY (`LOC_ID`) REFERENCES `local_sucursal` (`LOC_ID`),
  CONSTRAINT `FK_LOC_GAS` FOREIGN KEY (`LOCA_ID`) REFERENCES `localidad` (`LOCA_ID`)
) ENGINE=InnoDB DEFAULT CHARSET=utf8;

#
# Structure for the `producto_extra` table : 
#

DROP TABLE IF EXISTS `producto_extra`;

CREATE TABLE `producto_extra` (
  `PROEXT_ID` int(11) NOT NULL,
  `PROEXT_NOMBRE` varchar(30) DEFAULT NULL,
  `PROEXT_DESCRIPCION` varchar(70) DEFAULT NULL,
  `PROEXT_TIPO` varchar(10) DEFAULT NULL,
  PRIMARY KEY (`PROEXT_ID`)
) ENGINE=InnoDB DEFAULT CHARSET=utf8;

#
# Structure for the `detalle_gasto` table : 
#

DROP TABLE IF EXISTS `detalle_gasto`;

CREATE TABLE `detalle_gasto` (
  `DETGAS_ID` int(11) NOT NULL,
  `GAS_ID` int(11) DEFAULT NULL,
  `PROEXT_ID` int(11) DEFAULT NULL,
  `DETGAS_CANTIDAD` int(11) DEFAULT NULL,
  `DETGAS_VALORUNITARIO` float DEFAULT NULL,
  `DETGAS_VALORTOTAL` float DEFAULT NULL,
  PRIMARY KEY (`DETGAS_ID`),
  KEY `FK_GAS_DETGAS` (`GAS_ID`),
  KEY `FK_PROEXT_DETGAS` (`PROEXT_ID`),
  CONSTRAINT `FK_GAS_DETGAS` FOREIGN KEY (`GAS_ID`) REFERENCES `gasto` (`GAS_ID`),
  CONSTRAINT `FK_PROEXT_DETGAS` FOREIGN KEY (`PROEXT_ID`) REFERENCES `producto_extra` (`PROEXT_ID`)
) ENGINE=InnoDB DEFAULT CHARSET=utf8;

#
# Structure for the `detalle_ingreso` table : 
#

DROP TABLE IF EXISTS `detalle_ingreso`;

CREATE TABLE `detalle_ingreso` (
  `DETING_ID` int(11) NOT NULL,
  `VEN_ID` int(11) DEFAULT NULL,
  PRIMARY KEY (`DETING_ID`),
  KEY `FK_VEN_DETING` (`VEN_ID`),
  CONSTRAINT `FK_VEN_DETING` FOREIGN KEY (`VEN_ID`) REFERENCES `venta` (`VEN_ID`)
) ENGINE=InnoDB DEFAULT CHARSET=utf8;

#
# Structure for the `kardex` table : 
#

DROP TABLE IF EXISTS `kardex`;

CREATE TABLE `kardex` (
  `KAR_ID` int(11) NOT NULL,
  `EMPLOC_ID` int(11) DEFAULT NULL,
  `KAR_FECHA` timestamp NOT NULL DEFAULT CURRENT_TIMESTAMP ON UPDATE CURRENT_TIMESTAMP,
  `KAR_TIPO` char(3) DEFAULT NULL,
  `KAR_SUBTOTAL` float DEFAULT NULL,
  PRIMARY KEY (`KAR_ID`),
  KEY `FK_EMPLOC_KAR` (`EMPLOC_ID`),
  CONSTRAINT `FK_EMPLOC_KAR` FOREIGN KEY (`EMPLOC_ID`) REFERENCES `empleado_local` (`EMPLOC_ID`)
) ENGINE=InnoDB DEFAULT CHARSET=utf8;

#
# Structure for the `detalle_kardex` table : 
#

DROP TABLE IF EXISTS `detalle_kardex`;

CREATE TABLE `detalle_kardex` (
  `DETKAR_ID` int(11) NOT NULL,
  `KAR_ID` int(11) DEFAULT NULL,
  `PRO_ID2` int(11) DEFAULT NULL,
  `DETKAR_CANT` int(11) DEFAULT NULL,
  `DETKAR_PVP` float DEFAULT NULL,
  `DETKAR_TOTAL` float DEFAULT NULL,
  PRIMARY KEY (`DETKAR_ID`),
  KEY `FK_KAR_DETKAR` (`KAR_ID`),
  KEY `FK_PRO_DETKAR` (`PRO_ID2`),
  CONSTRAINT `FK_KAR_DETKAR` FOREIGN KEY (`KAR_ID`) REFERENCES `kardex` (`KAR_ID`),
  CONSTRAINT `FK_PRO_DETKAR` FOREIGN KEY (`PRO_ID2`) REFERENCES `producto` (`PRO_ID2`)
) ENGINE=InnoDB DEFAULT CHARSET=utf8;

#
# Structure for the `vehiculo` table : 
#

DROP TABLE IF EXISTS `vehiculo`;

CREATE TABLE `vehiculo` (
  `VEH_ID` int(11) NOT NULL,
  `VEH_TIPO` varchar(15) DEFAULT NULL,
  `VEH_MODELO` varchar(20) DEFAULT NULL,
  `VEH_CILINDRAJE` varchar(15) DEFAULT NULL,
  `VEH_TONELAJE` varchar(15) DEFAULT NULL,
  PRIMARY KEY (`VEH_ID`)
) ENGINE=InnoDB DEFAULT CHARSET=utf8;

#
# Structure for the `movilizacion` table : 
#

DROP TABLE IF EXISTS `movilizacion`;

CREATE TABLE `movilizacion` (
  `MOV_ID` int(11) NOT NULL,
  `LOCA_ID` int(11) DEFAULT NULL,
  `CAL_ID` int(11) DEFAULT NULL,
  `VEH_ID` int(11) DEFAULT NULL,
  `MOV_RUTA` varchar(100) DEFAULT NULL,
  `MOV_ESTADO` char(1) DEFAULT NULL,
  PRIMARY KEY (`MOV_ID`),
  KEY `FK_CAL_MOV` (`CAL_ID`),
  KEY `FK_LOC_MOV` (`LOCA_ID`),
  KEY `FK_VEH_MOV` (`VEH_ID`),
  CONSTRAINT `FK_CAL_MOV` FOREIGN KEY (`CAL_ID`) REFERENCES `calendario` (`CAL_ID`),
  CONSTRAINT `FK_LOC_MOV` FOREIGN KEY (`LOCA_ID`) REFERENCES `localidad` (`LOCA_ID`),
  CONSTRAINT `FK_VEH_MOV` FOREIGN KEY (`VEH_ID`) REFERENCES `vehiculo` (`VEH_ID`)
) ENGINE=InnoDB DEFAULT CHARSET=utf8;

#
# Structure for the `detalle_movilizacion_ingreso` table : 
#

DROP TABLE IF EXISTS `detalle_movilizacion_ingreso`;

CREATE TABLE `detalle_movilizacion_ingreso` (
  `DETMOVI_ID` int(11) NOT NULL,
  `MOV_ID` int(11) DEFAULT NULL,
  `PRO_ID2` int(11) DEFAULT NULL,
  PRIMARY KEY (`DETMOVI_ID`),
  KEY `FK_MOV_DETMOVING` (`MOV_ID`),
  KEY `FK_PRO_DETMOVING` (`PRO_ID2`),
  CONSTRAINT `FK_MOV_DETMOVING` FOREIGN KEY (`MOV_ID`) REFERENCES `movilizacion` (`MOV_ID`),
  CONSTRAINT `FK_PRO_DETMOVING` FOREIGN KEY (`PRO_ID2`) REFERENCES `producto` (`PRO_ID2`)
) ENGINE=InnoDB DEFAULT CHARSET=utf8;

#
# Structure for the `detalle_movilizacion_salida` table : 
#

DROP TABLE IF EXISTS `detalle_movilizacion_salida`;

CREATE TABLE `detalle_movilizacion_salida` (
  `DETMOVS_ID` int(11) NOT NULL,
  `MOV_ID` int(11) DEFAULT NULL,
  `PRO_ID2` int(11) DEFAULT NULL,
  PRIMARY KEY (`DETMOVS_ID`),
  KEY `FK_MOV_DETMOVSAL` (`MOV_ID`),
  KEY `FK_PRO_DETMOVSAL` (`PRO_ID2`),
  CONSTRAINT `FK_MOV_DETMOVSAL` FOREIGN KEY (`MOV_ID`) REFERENCES `movilizacion` (`MOV_ID`),
  CONSTRAINT `FK_PRO_DETMOVSAL` FOREIGN KEY (`PRO_ID2`) REFERENCES `producto` (`PRO_ID2`)
) ENGINE=InnoDB DEFAULT CHARSET=utf8;

#
# Structure for the `detalle_pedido` table : 
#

DROP TABLE IF EXISTS `detalle_pedido`;

CREATE TABLE `detalle_pedido` (
  `DETPED_ID` int(11) NOT NULL,
  `PED_ID` int(11) DEFAULT NULL,
  `PRO_ID2` int(11) DEFAULT NULL,
  `DETPED_CANTIDAD` int(11) DEFAULT NULL,
  PRIMARY KEY (`DETPED_ID`),
  KEY `FK_PER_DETPED` (`PED_ID`),
  KEY `FK_PRO_DETPED` (`PRO_ID2`),
  CONSTRAINT `FK_PER_DETPED` FOREIGN KEY (`PED_ID`) REFERENCES `pedido` (`PED_ID`),
  CONSTRAINT `FK_PRO_DETPED` FOREIGN KEY (`PRO_ID2`) REFERENCES `producto` (`PRO_ID2`)
) ENGINE=InnoDB DEFAULT CHARSET=utf8;

#
# Structure for the `factura_venta` table : 
#

DROP TABLE IF EXISTS `factura_venta`;

CREATE TABLE `factura_venta` (
  `FACVEN_ID` int(11) NOT NULL,
  `CLI_ID` int(11) DEFAULT NULL,
  `FORPAG_ID` int(11) DEFAULT NULL,
  `EMPLOC_ID` int(11) DEFAULT NULL,
  `LOC_ID` int(11) DEFAULT NULL,
  `FACVEN_NUMEROFACTURA` char(9) DEFAULT NULL,
  `FACVEN_SUBTOTAL` float DEFAULT NULL,
  `FACVEN_IVA` float DEFAULT NULL,
  `FACVEN_VALORIVA` float DEFAULT NULL,
  `FACVEN_VALORIVA0` float DEFAULT NULL,
  `FACVEN_ICE` float DEFAULT NULL,
  `FACVEN_VALORICE` float DEFAULT NULL,
  `FACVEN_DESCUENTO` float DEFAULT NULL,
  `FACVEN_TOTAL` float DEFAULT NULL,
  `FACVEN_FECHA` date DEFAULT NULL,
  `FACVEN_NUMEROPRODUCTOS` int(11) DEFAULT NULL,
  `FACVEN_ESTADO` char(3) DEFAULT NULL,
  `FACVEN_SERIE` char(20) DEFAULT NULL,
  PRIMARY KEY (`FACVEN_ID`),
  KEY `FK_CLI_FACVEN` (`CLI_ID`),
  KEY `FK_EMPLOC_FACVEN` (`EMPLOC_ID`),
  KEY `FK_FORPAG_FACVEN` (`FORPAG_ID`),
  KEY `FK_LOCSUC_FACVEN` (`LOC_ID`),
  CONSTRAINT `FK_CLI_FACVEN` FOREIGN KEY (`CLI_ID`) REFERENCES `cliente` (`CLI_ID`),
  CONSTRAINT `FK_EMPLOC_FACVEN` FOREIGN KEY (`EMPLOC_ID`) REFERENCES `empleado_local` (`EMPLOC_ID`),
  CONSTRAINT `FK_FORPAG_FACVEN` FOREIGN KEY (`FORPAG_ID`) REFERENCES `forma_pago` (`FORPAG_ID`),
  CONSTRAINT `FK_LOCSUC_FACVEN` FOREIGN KEY (`LOC_ID`) REFERENCES `local_sucursal` (`LOC_ID`)
) ENGINE=InnoDB DEFAULT CHARSET=utf8;

#
# Structure for the `detalle_venta` table : 
#

DROP TABLE IF EXISTS `detalle_venta`;

CREATE TABLE `detalle_venta` (
  `DETVEN_ID` int(11) NOT NULL,
  `FACVEN_ID` int(11) DEFAULT NULL,
  `PRO_ID2` int(11) DEFAULT NULL,
  `DETVEN_CANTIDAD` int(11) DEFAULT NULL,
  `DETVEN_VALORUNITARIO` float DEFAULT NULL,
  `DETVEN_VALORTOTAL` float DEFAULT NULL,
  PRIMARY KEY (`DETVEN_ID`),
  KEY `FK_FACVEN_DETVEN` (`FACVEN_ID`),
  KEY `FK_PRO_DETVEN` (`PRO_ID2`),
  CONSTRAINT `FK_FACVEN_DETVEN` FOREIGN KEY (`FACVEN_ID`) REFERENCES `factura_venta` (`FACVEN_ID`),
  CONSTRAINT `FK_PRO_DETVEN` FOREIGN KEY (`PRO_ID2`) REFERENCES `producto` (`PRO_ID2`)
) ENGINE=InnoDB DEFAULT CHARSET=utf8;

#
# Structure for the `inventario_local` table : 
#

DROP TABLE IF EXISTS `inventario_local`;

CREATE TABLE `inventario_local` (
  `INVLOC_ID` int(11) NOT NULL,
  `DETCOM_ID` int(11) DEFAULT NULL,
  `PRO_ID` int(11) DEFAULT NULL,
  `DETBAJ_ID` int(11) DEFAULT NULL,
  `DETMOVS_ID` int(11) DEFAULT NULL,
  `DETCON_ID` int(11) DEFAULT NULL,
  `DETASI_ID` int(11) DEFAULT NULL,
  `DETMOVI_ID` int(11) DEFAULT NULL,
  `DETVEN_ID` int(11) DEFAULT NULL,
  `PRO_ID2` int(11) DEFAULT NULL,
  `DETDEV_ID` int(11) DEFAULT NULL,
  `LOC_ID` int(11) DEFAULT NULL,
  `INVLOC_CANTIDADMOVIMIENTO` int(11) DEFAULT NULL,
  `INVLOC_TIPOMOVIMIENTO` char(2) DEFAULT NULL,
  `INVLOC_STOCKREALES` int(11) DEFAULT NULL,
  `INVLOC_STOCKSINCONSIGNACION` int(11) DEFAULT NULL,
  `INVLOC_FECHAREGISTRO` date DEFAULT NULL,
  `INVLOC_COSTOUNITARIO` float DEFAULT NULL,
  `INVLOC_COSTOTOTAL` float DEFAULT NULL,
  `INVLOC_PVPSUGERIDO` float DEFAULT NULL,
  `INVLOC_LOCALORIGEN` int(11) DEFAULT NULL,
  `INVLOC_LOCALDESTINO` int(11) DEFAULT NULL,
  PRIMARY KEY (`INVLOC_ID`),
  KEY `FK_DETASI_INVLOC` (`DETASI_ID`),
  KEY `FK_DETBAJ_INVLOC` (`DETBAJ_ID`),
  KEY `FK_DETCOM_INVLOC` (`DETCOM_ID`,`PRO_ID`),
  KEY `FK_DETCON_INVLOC` (`DETCON_ID`),
  KEY `FK_DETDEV_INVLOC` (`DETDEV_ID`),
  KEY `FK_DETMOVING_INVLOC` (`DETMOVI_ID`),
  KEY `FK_DETMOVSAL_INVLOC` (`DETMOVS_ID`),
  KEY `FK_DETVEN_INVLOC` (`DETVEN_ID`),
  KEY `FK_LOCSUC_INVLOC` (`LOC_ID`),
  KEY `FK_PRO_INVLOC` (`PRO_ID2`),
  CONSTRAINT `FK_DETASI_INVLOC` FOREIGN KEY (`DETASI_ID`) REFERENCES `detalle_asignacion` (`DETASI_ID`),
  CONSTRAINT `FK_DETBAJ_INVLOC` FOREIGN KEY (`DETBAJ_ID`) REFERENCES `detalle_baja` (`DETBAJ_ID`),
  CONSTRAINT `FK_DETCOM_INVLOC` FOREIGN KEY (`DETCOM_ID`, `PRO_ID`) REFERENCES `detalle_compra` (`DETCOM_ID`, `PRO_ID`),
  CONSTRAINT `FK_DETCON_INVLOC` FOREIGN KEY (`DETCON_ID`) REFERENCES `detalle_consignacion` (`DETCON_ID`),
  CONSTRAINT `FK_DETDEV_INVLOC` FOREIGN KEY (`DETDEV_ID`) REFERENCES `detalle_devolucion` (`DETDEV_ID`),
  CONSTRAINT `FK_DETMOVING_INVLOC` FOREIGN KEY (`DETMOVI_ID`) REFERENCES `detalle_movilizacion_ingreso` (`DETMOVI_ID`),
  CONSTRAINT `FK_DETMOVSAL_INVLOC` FOREIGN KEY (`DETMOVS_ID`) REFERENCES `detalle_movilizacion_salida` (`DETMOVS_ID`),
  CONSTRAINT `FK_DETVEN_INVLOC` FOREIGN KEY (`DETVEN_ID`) REFERENCES `detalle_venta` (`DETVEN_ID`),
  CONSTRAINT `FK_LOCSUC_INVLOC` FOREIGN KEY (`LOC_ID`) REFERENCES `local_sucursal` (`LOC_ID`),
  CONSTRAINT `FK_PRO_INVLOC` FOREIGN KEY (`PRO_ID2`) REFERENCES `producto` (`PRO_ID2`)
) ENGINE=InnoDB DEFAULT CHARSET=utf8;

#
# Structure for the `modulo_sistema` table : 
#

DROP TABLE IF EXISTS `modulo_sistema`;

CREATE TABLE `modulo_sistema` (
  `MODSIS_ID` int(11) NOT NULL,
  `MODSIS_NOMBRE` varchar(50) DEFAULT NULL,
  `MODSIS_PADRE` int(11) DEFAULT NULL,
  `MODSIS_UBICACION` varchar(200) DEFAULT NULL,
  `MODSIS_ESTADO` char(1) DEFAULT NULL,
  `MODSIS_NOMBREMOSTRAR` varchar(50) DEFAULT NULL,
  PRIMARY KEY (`MODSIS_ID`)
) ENGINE=InnoDB DEFAULT CHARSET=utf8;

#
# Structure for the `perfil_usuario` table : 
#

DROP TABLE IF EXISTS `perfil_usuario`;

CREATE TABLE `perfil_usuario` (
  `PERUSU_ID` int(11) NOT NULL,
  `PERUSU_NOMBRE` varchar(30) DEFAULT NULL,
  `PERUSU_DESCRIPCION` varchar(100) DEFAULT NULL,
  PRIMARY KEY (`PERUSU_ID`)
) ENGINE=InnoDB DEFAULT CHARSET=utf8;

#
# Structure for the `perfil_usua_mod_sis` table : 
#

DROP TABLE IF EXISTS `perfil_usua_mod_sis`;

CREATE TABLE `perfil_usua_mod_sis` (
  `PUMS_ID` int(11) NOT NULL,
  `MODSIS_ID` int(11) DEFAULT NULL,
  `PERUSU_ID` int(11) DEFAULT NULL,
  `PUMS_DESCRIPCION` varchar(150) DEFAULT NULL,
  PRIMARY KEY (`PUMS_ID`),
  KEY `FK_MODSIS_PERUSUMODSIS` (`MODSIS_ID`),
  KEY `FK_PERUSU_PERUSUMODSIS` (`PERUSU_ID`),
  CONSTRAINT `FK_MODSIS_PERUSUMODSIS` FOREIGN KEY (`MODSIS_ID`) REFERENCES `modulo_sistema` (`MODSIS_ID`),
  CONSTRAINT `FK_PERUSU_PERUSUMODSIS` FOREIGN KEY (`PERUSU_ID`) REFERENCES `perfil_usuario` (`PERUSU_ID`)
) ENGINE=InnoDB DEFAULT CHARSET=utf8;

#
# Structure for the `permisos_sistema` table : 
#

DROP TABLE IF EXISTS `permisos_sistema`;

CREATE TABLE `permisos_sistema` (
  `PERSIS_ID` int(11) NOT NULL,
  `EMPLOC_ID` int(11) DEFAULT NULL,
  `PERUSU_ID` int(11) DEFAULT NULL,
  `PERSIS_FECHAINICIO` date DEFAULT NULL,
  `PERSIS_FECHAFIN` date DEFAULT NULL,
  `PERSIS_MOTIVOSFIN` text,
  `PERSIS_ESTADO` char(1) DEFAULT NULL,
  PRIMARY KEY (`PERSIS_ID`),
  KEY `FK_EMPLOC_PERSIS` (`EMPLOC_ID`),
  KEY `FK_PERUSU_PERSIS` (`PERUSU_ID`),
  CONSTRAINT `FK_EMPLOC_PERSIS` FOREIGN KEY (`EMPLOC_ID`) REFERENCES `empleado_local` (`EMPLOC_ID`),
  CONSTRAINT `FK_PERUSU_PERSIS` FOREIGN KEY (`PERUSU_ID`) REFERENCES `perfil_usuario` (`PERUSU_ID`)
) ENGINE=InnoDB DEFAULT CHARSET=utf8;

#
# Structure for the `sesion` table : 
#

DROP TABLE IF EXISTS `sesion`;

CREATE TABLE `sesion` (
  `SES_ID` int(11) NOT NULL,
  `EMPLOC_ID` int(11) DEFAULT NULL,
  `SES_FECHAINGRESO` date DEFAULT NULL,
  `SES_NUMINTENTO` int(11) DEFAULT NULL,
  `SES_HORAINGRESO` time DEFAULT NULL,
  `SES_DESCRIPCIONINGRESO` text,
  PRIMARY KEY (`SES_ID`),
  KEY `FK_EMPLOC_SES` (`EMPLOC_ID`),
  CONSTRAINT `FK_EMPLOC_SES` FOREIGN KEY (`EMPLOC_ID`) REFERENCES `empleado_local` (`EMPLOC_ID`)
) ENGINE=InnoDB DEFAULT CHARSET=utf8;

#
# Data for the `empleado` table  (LIMIT 0,500)
#

INSERT INTO `empleado` (`EMP_ID`, `EMP_NOMBRE`, `EMP_APELLIDO`, `EMP_DIRECCION`, `EMP_TELEFONO1`, `EMP_TELEFONO2`, `EMP_TIPOSANGRE`, `EMP_CORREO`, `EMP_AVISAREMERGENCIA`, `EMP_TELEFONOEMERGENCIA`, `EMP_PARENTEZCOEMERGENCIA`, `EMP_DESCRIPCIONALERGIAS`, `EMP_DESCRIPCIONGENERAL`, `EMP_ESTADO`, `EMP_FECHANACIMIENTO`, `EMP_IDENTIFICACION`) VALUES 
  (1,'Santiago','Benitez','Antonio de Ulloa N28-83 y Las Casas','022521533','0987574585','Orh+','sbenitez.sbe@gmail.com','Byron Benitez','062953576','Padre','Ninguna',NULL,'A','1982-07-06','1002455630');
COMMIT;

#
# Data for the `acceso_usuario` table  (LIMIT 0,500)
#

INSERT INTO `acceso_usuario` (`ACC_ID`, `EMP_ID`, `ACC_NOMBREUSUARIO`, `ACC_CLAVEUSUARIO`) VALUES 
  (1,1,'1002455630','2889766b9dbdc4409eff0f85e1b4fd681639e199783030222f858dd79b393e12');
COMMIT;

#
# Data for the `almacen` table  (LIMIT 0,500)
#

INSERT INTO `almacen` (`ALM_ID`, `ALM_NOMBRE`, `ALM_RUC`, `ALM_WEB`, `ALM_MAIL`, `ALM_LOGO`) VALUES 
  (1,'SBE CORP','1002455630001','www.sbecorp.com','sbe@sbecorp.com','sbelogo.png');
COMMIT;

#
# Data for the `georeferencia` table  (LIMIT 0,500)
#

INSERT INTO `georeferencia` (`GEO_ID`, `GEO_CIUDAD`, `GEO_PROVINCIA`, `GEO_REGION`, `GEO_PAIS`, `GEO_SECTOR`) VALUES 
  (1,'Quito','Pichincha','Sierra','Ecuador',NULL);
COMMIT;

#
# Data for the `parametro` table  (LIMIT 0,500)
#

INSERT INTO `parametro` (`PAR_ID`, `PAR_NOMBRE`, `PAR_TIPO`, `PAR_FECHAREGISTRO`, `PAR_ESTADOACTIVO`) VALUES 
  (1,'IVA','IMPUESTO','2017-08-22','A');
COMMIT;

#
# Data for the `parametro_local` table  (LIMIT 0,500)
#

INSERT INTO `parametro_local` (`PARLOC_ID`, `PAR_ID`, `PARLOC_VALOR`, `PARLOC_FECHAHABILITADO`, `PARLOC_FECHADESHABILITADO`, `PARLOC_ESTADO`) VALUES 
  (1,1,12,'2017-08-22',NULL,'A');
COMMIT;

#
# Data for the `local_sucursal` table  (LIMIT 0,500)
#

INSERT INTO `local_sucursal` (`LOC_ID`, `GEO_ID`, `PARLOC_ID`, `ALM_ID`, `LOC_NOMBRE`, `LOC_DIRECCION`, `LOC_ESTADO`, `LOC_FAX`, `LOC_TELEFONO1`, `LOC_TELEFONO2`, `LOC_DESCRIPCION`, `LOC_CODIGO`, `LOC_FECHAINAGURACION`, `LOC_FECHACIERRE`, `LOC_MATRIZ_O_SUCURSAL`, `LOC_RUC`, `LOC_MAIL`) VALUES 
  (1,1,1,1,'SBE Corp','Antonio de Ulloa','A',NULL,'022521533','0987574585','Matriz','1','2017-08-22',NULL,'M',NULL,NULL);
COMMIT;

#
# Data for the `cargo` table  (LIMIT 0,500)
#

INSERT INTO `cargo` (`CAR_ID`, `CAR_NOMBRE`, `CAR_DESCRIPCION`) VALUES 
  (1,'Gerente General','Gerente General'),
  (2,'Gerente local','Gerente local'),
  (3,'Vendedor','Vendedor'),
  (4,'Mensajero','Mensajero');
COMMIT;

#
# Data for the `empleado_local` table  (LIMIT 0,500)
#

INSERT INTO `empleado_local` (`EMPLOC_ID`, `CAR_ID`, `EMP_ID`, `LOC_ID`, `EMPLOC_FECHAINGRESO`, `EMPLOC_FECHASALIDA`, `EMPLOC_MOTIVOSALIDA`, `EMPLOC_ESTADO`) VALUES 
  (1,1,1,1,'2017-08-21',NULL,NULL,'A');
COMMIT;

#
# Data for the `modulo_sistema` table  (LIMIT 0,500)
#

INSERT INTO `modulo_sistema` (`MODSIS_ID`, `MODSIS_NOMBRE`, `MODSIS_PADRE`, `MODSIS_UBICACION`, `MODSIS_ESTADO`, `MODSIS_NOMBREMOSTRAR`) VALUES 
  (1,'Administracion',0,'','A','Administración'),
  (2,'compraproveedor',0,'','A','Compra a Proveedor'),
  (3,'ventacliente',0,'','A','Venta a Cliente'),
  (4,'inventario',0,'','A','Inventario Local'),
  (5,'almacen',1,'/almacen','A','Almacén'),
  (6,'nuevacompraproveedor',2,'/nuevacompraproveedor','A','Nueva Factura'),
  (7,'nuevaventacliente',3,'/nuevaventacliente','A','Nueva Factura');
COMMIT;

#
# Data for the `perfil_usuario` table  (LIMIT 0,500)
#

INSERT INTO `perfil_usuario` (`PERUSU_ID`, `PERUSU_NOMBRE`, `PERUSU_DESCRIPCION`) VALUES 
  (1,'Super Administrador','Controla todo el sistema'),
  (2,'Administrador general','Controla el Almacen'),
  (3,'Administrador local','Controla la sucursal'),
  (4,'Vendedor','Factura a cliente');
COMMIT;

#
# Data for the `perfil_usua_mod_sis` table  (LIMIT 0,500)
#

INSERT INTO `perfil_usua_mod_sis` (`PUMS_ID`, `MODSIS_ID`, `PERUSU_ID`, `PUMS_DESCRIPCION`) VALUES 
  (1,1,2,NULL),
  (2,2,2,NULL),
  (3,3,2,NULL),
  (4,4,2,NULL),
  (5,5,2,NULL),
  (6,6,2,NULL),
  (7,7,2,NULL),
  (8,3,4,NULL),
  (9,7,4,NULL);
COMMIT;

#
# Data for the `permisos_sistema` table  (LIMIT 0,500)
#

INSERT INTO `permisos_sistema` (`PERSIS_ID`, `EMPLOC_ID`, `PERUSU_ID`, `PERSIS_FECHAINICIO`, `PERSIS_FECHAFIN`, `PERSIS_MOTIVOSFIN`, `PERSIS_ESTADO`) VALUES 
  (1,1,3,'2017-08-22',NULL,NULL,'A');
COMMIT;



/*!40101 SET CHARACTER_SET_CLIENT=@OLD_CHARACTER_SET_CLIENT */;
/*!40101 SET CHARACTER_SET_RESULTS=@OLD_CHARACTER_SET_RESULTS */;
/*!40101 SET COLLATION_CONNECTION=@OLD_COLLATION_CONNECTION */;